Model,Abbreviation,Accuracy,Precision,Recall (Sensitivity),Specificity,F1-Score,NPV,MCC,TP,TN,FP,FN
Decision Tree,DT,1.0,1.0,1.0,1.0,1.0,1.0,1.0,258,694,0,0
XGBoost,XGB,0.9968487394957983,0.9961089494163424,0.9922480620155039,0.9985590778097982,0.9941747572815534,0.9971223021582734,0.9920184552505816,256,693,1,2
Random Forest,RF,0.9894957983193278,1.0,0.9612403100775194,1.0,0.9802371541501977,0.9857954545454546,0.9734404596072026,248,694,0,10
Logistic Regression,LR,0.9464285714285714,0.9859154929577465,0.813953488372093,0.9956772334293948,0.89171974522293,0.9350473612990527,0.8635043835698176,210,691,3,48
SVM,SVM,0.907563025210084,0.9829545454545454,0.6705426356589147,0.9956772334293948,0.7972350230414746,0.8904639175257731,0.7628163173831957,173,691,3,85
KNN,KNN,0.9033613445378151,0.9108910891089109,0.7131782945736435,0.9740634005763689,0.8,0.9013333333333333,0.7471241455885679,184,676,18,74
Naive Bayes,NB,0.7794117647058824,0.6142857142857143,0.5,0.8832853025936599,0.5512820512820513,0.8261455525606469,0.4108659530612345,129,613,81,129
